@urbanskudnik,"Zemanta"
@gandalfar,"Zemanta, Viidea"
@orkaa,"Zemanta, Celtra, PrintBox"
@kumpri,"Uniki"
@mijalorbek,"Uniki"
@friedcell,"Parsek, Zemanta, CubeSensors"
hook,"FSFE"
anze
bojlertm
bpovirk
ivan
janes
markos
medy
neny
sara_i
slashrsm
trillian
kusar
marusa
miha
martinu
tanja
mija
Leilah
klemen
ladyzeza
mihar
rok
sara
delta
zilla
retro
jost
fry
janah
katarina
damir
jordanco
kumpri
mavricek
lancer
nejc
korbs
petra
pete
r0k
bizal
jvolk
mulaz
igzebedze
avian
mavrik
sahel
brodul
fenikz
skatey
maqmigh
gandalf
maja.smrekar
janin
5ra
janz
alojzij
n0sered
natan
gapaspeper
blaz
SleepyFE
brodulj
crt
harejv
igorm
iris
janja
mitja
rd666-test
sparrow
surya
uros
stella
nietka
maticpelcl
andrej
krista
offlinehacker
lowkey
puffs
katja
ielectric
teardrop
matejc
easy
domen555
kozuh
ces
tea
minmax
hruske
syslq
tomaz
urban
peklayos
mia
redduck666
hana
jinzo
zealot
dasa
neonstar
rokp
daedalus
Ryuk
benko
ana
KatarinaK
slitkx
alesv
meta
novadeviator
maja
garbas
asodja
fire_fly
heidi
Jesus
markslo
levstk
Nimatel
donna
peter
teatang
marx
ike
andrejpan
goba
tamara
ivana
simona
kiki
GregorSamsa
urh
jleben
legice
oskar
zala
eek
senicar
tt
